condition,sim_seconds,retinal_spikes_per_second,lamina_spikes_per_second,downstream_spikes_per_second
no_drive,0.01,0,0,0
no_drive,0.02,0,0,0
no_drive,0.03,0,0,0
no_drive,0.04,0,0,0
no_drive,0.05,0,0,0
no_drive,0.06,0,0,0
no_drive,0.07,0,0,0
no_drive,0.08,0,0,0
no_drive,0.09,0,0,0
no_drive,0.1,0,0,0
no_drive,0.11,0,0,0
no_drive,0.12,0,0,0
no_drive,0.13,0,0,0
no_drive,0.14,0,0,0
no_drive,0.15,0,0,0
no_drive,0.16,0,0,0
no_drive,0.17,0,0,0
no_drive,0.18,0,0,0
no_drive,0.19,0,0,0
no_drive,0.2,0,0,0
no_drive,0.21,0,0,0
no_drive,0.22,0,0,0
no_drive,0.23,0,0,0
no_drive,0.24,0,0,0
no_drive,0.25,0,0,0
no_drive,0.26,0,0,0
no_drive,0.27,0,0,0
no_drive,0.28,0,0,0
no_drive,0.29,0,0,0
no_drive,0.3,0,0,0
no_drive,0.31,0,0,0
no_drive,0.32,0,0,0
no_drive,0.33,0,0,0
no_drive,0.34,0,0,0
no_drive,0.35,0,0,0
no_drive,0.36,0,0,0
no_drive,0.37,0,0,0
no_drive,0.38,0,0,0
no_drive,0.39,0,0,0
no_drive,0.4,0,0,0
no_drive,0.41,0,0,0
no_drive,0.42,0,0,0
no_drive,0.43,0,0,0
no_drive,0.44,0,0,0
no_drive,0.45,0,0,0
no_drive,0.46,0,0,0
no_drive,0.47,0,0,0
no_drive,0.48,0,0,0
no_drive,0.49,0,0,0
no_drive,0.5,0,0,0
no_drive,0.51,0,0,0
no_drive,0.52,0,0,0
no_drive,0.53,0,0,0
no_drive,0.54,0,0,0
no_drive,0.55,0,0,0
no_drive,0.56,0,0,0
no_drive,0.57,0,0,0
no_drive,0.58,0,0,0
no_drive,0.59,0,0,0
no_drive,0.6,0,0,0
no_drive,0.61,0,0,0
no_drive,0.62,0,0,0
no_drive,0.63,0,0,0
no_drive,0.64,0,0,0
no_drive,0.65,0,0,0
no_drive,0.66,0,0,0
no_drive,0.67,0,0,0
no_drive,0.68,0,0,0
no_drive,0.69,0,0,0
no_drive,0.7,0,0,0
no_drive,0.71,0,0,0
no_drive,0.72,0,0,0
no_drive,0.73,0,0,0
no_drive,0.74,0,0,0
no_drive,0.75,0,0,0
no_drive,0.76,0,0,0
no_drive,0.77,0,0,0
no_drive,0.78,0,0,0
no_drive,0.79,0,0,0
no_drive,0.8,0,0,0
no_drive,0.81,0,0,0
no_drive,0.82,0,0,0
no_drive,0.83,0,0,0
no_drive,0.84,0,0,0
no_drive,0.85,0,0,0
no_drive,0.86,0,0,0
no_drive,0.87,0,0,0
no_drive,0.88,0,0,0
no_drive,0.89,0,0,0
no_drive,0.9,0,0,0
no_drive,0.91,0,0,0
no_drive,0.92,0,0,0
no_drive,0.93,0,0,0
no_drive,0.94,0,0,0
no_drive,0.95,0,0,0
no_drive,0.96,0,0,0
no_drive,0.97,0,0,0
no_drive,0.98,0,0,0
no_drive,0.99,0,0,0
no_drive,1.0,0,0,0
no_drive,1.01,0,0,0
no_drive,1.02,0,0,0
no_drive,1.03,0,0,0
no_drive,1.04,0,0,0
no_drive,1.05,0,0,0
no_drive,1.06,0,0,0
no_drive,1.07,0,0,0
no_drive,1.08,0,0,0
no_drive,1.09,0,0,0
no_drive,1.1,0,0,0
no_drive,1.11,0,0,0
no_drive,1.12,0,0,0
no_drive,1.13,0,0,0
no_drive,1.14,0,0,0
no_drive,1.15,0,0,0
no_drive,1.16,0,0,0
no_drive,1.17,0,0,0
no_drive,1.18,0,0,0
no_drive,1.19,0,0,0
no_drive,1.2,0,0,0
no_drive,1.21,0,0,0
no_drive,1.22,0,0,0
no_drive,1.23,0,0,0
no_drive,1.24,0,0,0
no_drive,1.25,0,0,0
no_drive,1.26,0,0,0
no_drive,1.27,0,0,0
no_drive,1.28,0,0,0
no_drive,1.29,0,0,0
no_drive,1.3,0,0,0
no_drive,1.31,0,0,0
no_drive,1.32,0,0,0
no_drive,1.33,0,0,0
no_drive,1.34,0,0,0
no_drive,1.35,0,0,0
no_drive,1.36,0,0,0
no_drive,1.37,0,0,0
no_drive,1.38,0,0,0
no_drive,1.39,0,0,0
no_drive,1.4,0,0,0
no_drive,1.41,0,0,0
no_drive,1.42,0,0,0
no_drive,1.43,0,0,0
no_drive,1.44,0,0,0
no_drive,1.45,0,0,0
no_drive,1.46,0,0,0
no_drive,1.47,0,0,0
no_drive,1.48,0,0,0
no_drive,1.49,0,0,0
no_drive,1.5,0,0,0
no_drive,1.51,0,0,0
no_drive,1.52,0,0,0
no_drive,1.53,0,0,0
no_drive,1.54,0,0,0
no_drive,1.55,0,0,0
no_drive,1.56,0,0,0
no_drive,1.57,0,0,0
no_drive,1.58,0,0,0
no_drive,1.59,0,0,0
no_drive,1.6,0,0,0
no_drive,1.61,0,0,0
no_drive,1.62,0,0,0
no_drive,1.63,0,0,0
no_drive,1.64,0,0,0
no_drive,1.65,0,0,0
no_drive,1.66,0,0,0
no_drive,1.67,0,0,0
no_drive,1.68,0,0,0
no_drive,1.69,0,0,0
no_drive,1.7,0,0,0
no_drive,1.71,0,0,0
no_drive,1.72,0,0,0
no_drive,1.73,0,0,0
no_drive,1.74,0,0,0
no_drive,1.75,0,0,0
no_drive,1.76,0,0,0
no_drive,1.77,0,0,0
no_drive,1.78,0,0,0
no_drive,1.79,0,0,0
no_drive,1.8,0,0,0
no_drive,1.81,0,0,0
no_drive,1.82,0,0,0
no_drive,1.83,0,0,0
no_drive,1.84,0,0,0
no_drive,1.85,0,0,0
no_drive,1.86,0,0,0
no_drive,1.87,0,0,0
no_drive,1.88,0,0,0
no_drive,1.89,0,0,0
no_drive,1.9,0,0,0
no_drive,1.91,0,0,0
no_drive,1.92,0,0,0
no_drive,1.93,0,0,0
no_drive,1.94,0,0,0
no_drive,1.95,0,0,0
no_drive,1.96,0,0,0
no_drive,1.97,0,0,0
no_drive,1.98,0,0,0
no_drive,1.99,0,0,0
no_drive,2.0,0,0,0
dark,0.01,0,0,0
dark,0.02,0,711400,18900
dark,0.03,0,0,73600
dark,0.04,0,200200,0
dark,0.05,0,350700,31400
dark,0.06,0,319500,118100
dark,0.07,0,62700,4300
dark,0.08,0,402600,37700
dark,0.09,0,118500,44200
dark,0.1,0,321300,36800
dark,0.11,0,180300,26100
dark,0.12,0,276600,53600
dark,0.13,0,185900,23400
dark,0.14,0,279300,45400
dark,0.15,0,234200,36800
dark,0.16,0,205100,41600
dark,0.17,0,258600,30500
dark,0.18,0,208100,44900
dark,0.19,0,248500,39300
dark,0.2,0,199200,36400
dark,0.21,0,272000,35800
dark,0.22,0,185600,41900
dark,0.23,0,264400,39900
dark,0.24,0,194500,30100
dark,0.25,0,267100,46900
dark,0.26,0,198700,37400
dark,0.27,0,243200,34300
dark,0.28,0,212300,38700
dark,0.29,0,250200,43600
dark,0.3,0,196900,29500
dark,0.31,0,257400,42200
dark,0.32,0,213300,42800
dark,0.33,0,227400,34400
dark,0.34,0,239900,37200
dark,0.35,0,219500,46200
dark,0.36,0,216800,29600
dark,0.37,0,245800,37400
dark,0.38,0,224600,47300
dark,0.39,0,219000,32400
dark,0.4,0,251600,37900
dark,0.41,0,211800,41500
dark,0.42,0,226000,33700
dark,0.43,0,231800,42100
dark,0.44,0,229500,35200
dark,0.45,0,230000,41000
dark,0.46,0,242300,42300
dark,0.47,0,209900,33400
dark,0.48,0,249800,40000
dark,0.49,0,220300,41200
dark,0.5,0,227700,35500
dark,0.51,0,233700,38400
dark,0.52,0,223900,44100
dark,0.53,0,228500,31900
dark,0.54,0,237700,39800
dark,0.55,0,238700,46400
dark,0.56,0,209500,30600
dark,0.57,0,247700,36800
dark,0.58,0,230300,43500
dark,0.59,0,215900,34300
dark,0.6,0,238700,36900
dark,0.61,0,243900,49100
dark,0.62,0,196800,30100
dark,0.63,0,265900,36700
dark,0.64,0,211200,50400
dark,0.65,0,216600,28300
dark,0.66,0,243700,37900
dark,0.67,0,226100,49300
dark,0.68,0,214700,24500
dark,0.69,0,246500,43500
dark,0.7,0,222200,40700
dark,0.71,0,229300,36000
dark,0.72,0,224900,39300
dark,0.73,0,231800,38200
dark,0.74,0,216000,37300
dark,0.75,0,232700,38100
dark,0.76,0,231000,39700
dark,0.77,0,225100,38300
dark,0.78,0,230200,39400
dark,0.79,0,230100,36100
dark,0.8,0,229200,41300
dark,0.81,0,228400,41200
dark,0.82,0,224600,32200
dark,0.83,0,233700,40600
dark,0.84,0,228100,42700
dark,0.85,0,217400,30600
dark,0.86,0,236900,40900
dark,0.87,0,229400,43300
dark,0.88,0,209400,29800
dark,0.89,0,263100,43800
dark,0.9,0,218500,46300
dark,0.91,0,210300,24500
dark,0.92,0,248500,44100
dark,0.93,0,217200,44900
dark,0.94,0,226900,28900
dark,0.95,0,239200,37800
dark,0.96,0,231400,48500
dark,0.97,0,208500,29800
dark,0.98,0,243800,38200
dark,0.99,0,231600,46300
dark,1.0,0,220900,33800
dark,1.01,0,219700,34700
dark,1.02,0,253200,43800
dark,1.03,0,209700,37800
dark,1.04,0,231400,35100
dark,1.05,0,223400,40600
dark,1.06,0,231200,39600
dark,1.07,0,234500,37800
dark,1.08,0,219400,36200
dark,1.09,0,239800,41900
dark,1.1,0,223600,37200
dark,1.11,0,213800,36000
dark,1.12,0,248200,44300
dark,1.13,0,213500,34200
dark,1.14,0,232200,37800
dark,1.15,0,230800,39600
dark,1.16,0,231800,42500
dark,1.17,0,220600,30500
dark,1.18,0,233600,38200
dark,1.19,0,236100,47400
dark,1.2,0,211900,29300
dark,1.21,0,246700,41100
dark,1.22,0,220900,44200
dark,1.23,0,218800,30800
dark,1.24,0,244400,40300
dark,1.25,0,221000,39700
dark,1.26,0,224200,35800
dark,1.27,0,234800,40400
dark,1.28,0,218700,38300
dark,1.29,0,229600,40200
dark,1.3,0,237300,35300
dark,1.31,0,220600,39600
dark,1.32,0,240700,43800
dark,1.33,0,206200,28700
dark,1.34,0,244600,41000
dark,1.35,0,239400,44700
dark,1.36,0,212600,31300
dark,1.37,0,240000,39500
dark,1.38,0,225200,42400
dark,1.39,0,226500,36300
dark,1.4,0,231100,34900
dark,1.41,0,221900,45600
dark,1.42,0,237900,34400
dark,1.43,0,221000,36300
dark,1.44,0,236600,42900
dark,1.45,0,222200,37200
dark,1.46,0,230700,36600
dark,1.47,0,242100,43300
dark,1.48,0,213000,34600
dark,1.49,0,232300,37300
dark,1.5,0,233700,40300
dark,1.51,0,221100,35100
dark,1.52,0,232400,40500
dark,1.53,0,225500,35800
dark,1.54,0,241200,40700
dark,1.55,0,223100,40800
dark,1.56,0,221500,33700
dark,1.57,0,252600,43100
dark,1.58,0,211400,37800
dark,1.59,0,235400,35800
dark,1.6,0,235700,41900
dark,1.61,0,214300,36700
dark,1.62,0,227500,35800
dark,1.63,0,233700,39800
dark,1.64,0,235300,41200
dark,1.65,0,217500,34900
dark,1.66,0,241400,39700
dark,1.67,0,215300,40300
dark,1.68,0,226300,36300
dark,1.69,0,243000,37100
dark,1.7,0,215700,43100
dark,1.71,0,230400,33000
dark,1.72,0,233800,42800
dark,1.73,0,227900,41200
dark,1.74,0,227100,31900
dark,1.75,0,226100,42800
dark,1.76,0,232900,38500
dark,1.77,0,226200,37000
dark,1.78,0,234100,40900
dark,1.79,0,224500,36000
dark,1.8,0,222100,38500
dark,1.81,0,247400,39800
dark,1.82,0,208300,36400
dark,1.83,0,253100,40100
dark,1.84,0,219400,38500
dark,1.85,0,219200,36400
dark,1.86,0,242900,39700
dark,1.87,0,209800,36500
dark,1.88,0,246000,39100
dark,1.89,0,229500,39100
dark,1.9,0,219800,38000
dark,1.91,0,239800,38000
dark,1.92,0,227400,41000
dark,1.93,0,219200,36100
dark,1.94,0,230600,37900
dark,1.95,0,233600,38300
dark,1.96,0,226800,40400
dark,1.97,0,226200,40400
dark,1.98,0,219800,33100
dark,1.99,0,240600,43600
dark,2.0,0,227700,40800
bright,0.01,333500,0,0
bright,0.02,333500,489000,16400
bright,0.03,667000,27700,55800
bright,0.04,333500,128000,400
bright,0.05,333500,268800,36500
bright,0.06,667000,210200,85100
bright,0.07,333500,104500,12000
bright,0.08,333500,248200,36100
bright,0.09,667000,101800,32600
bright,0.1,333500,243000,37900
bright,0.11,333500,118800,21900
bright,0.12,667000,216900,46400
bright,0.13,333500,134700,28200
bright,0.14,333500,181800,31400
bright,0.15,666300,176100,37000
bright,0.16,334200,159400,35100
bright,0.17,333500,168400,28700
bright,0.18,333600,175500,37600
bright,0.19,666900,168500,35000
bright,0.2,333500,161000,34600
bright,0.21,333500,178500,30600
bright,0.22,667000,160800,39900
bright,0.23,333500,176100,29000
bright,0.24,333500,157000,32000
bright,0.25,667000,184400,39200
bright,0.26,333500,145900,31900
bright,0.27,333500,183200,31900
bright,0.28,667000,155700,36000
bright,0.29,333500,185000,37600
bright,0.3,333500,152500,26800
bright,0.31,666900,183900,37000
bright,0.32,333600,162700,36800
bright,0.33,333500,161400,31100
bright,0.34,666000,178400,34400
bright,0.35,334500,170200,34500
bright,0.36,333500,152700,32500
bright,0.37,333800,184200,35100
bright,0.38,666700,159500,35100
bright,0.39,333500,171100,34500
bright,0.4,333500,172100,32100
bright,0.41,667000,174200,37500
bright,0.42,333500,162500,30800
bright,0.43,333500,157200,35400
bright,0.44,667000,195500,37400
bright,0.45,333500,142300,29800
bright,0.46,333500,186400,35500
bright,0.47,666900,162500,34300
bright,0.48,333600,171400,36700
bright,0.49,333500,169300,30900
bright,0.5,666900,168500,38300
bright,0.51,333600,166500,33300
bright,0.52,333500,171400,30700
bright,0.53,665800,168100,39400
bright,0.54,334700,162600,31900
bright,0.55,333500,176900,32400
bright,0.56,334100,169400,37600
bright,0.57,666400,158600,31700
bright,0.58,333500,179400,34700
bright,0.59,333500,162700,37200
bright,0.6,667000,164100,29800
bright,0.61,333500,178900,33800
bright,0.62,333500,161500,40500
bright,0.63,667000,167500,26700
bright,0.64,333500,177900,38500
bright,0.65,333500,155700,34300
bright,0.66,666800,174000,30700
bright,0.67,333700,169300,37200
bright,0.68,333500,165200,33400
bright,0.69,666600,165000,33900
bright,0.7,333900,172900,34700
bright,0.71,333500,170200,34500
bright,0.72,665800,159500,34200
bright,0.73,334700,180100,32700
bright,0.74,333500,161400,36500
bright,0.75,334200,167200,31300
bright,0.76,666300,169300,33900
bright,0.77,333500,175400,37700
bright,0.78,333900,154800,31600
bright,0.79,666500,181400,35300
bright,0.8,333600,163600,36500
bright,0.81,333600,165200,31300
bright,0.82,666800,170900,33600
bright,0.83,333600,165400,37400
bright,0.84,333500,162100,31400
bright,0.85,666800,182200,35100
bright,0.86,333700,159400,35100
bright,0.87,333500,167000,32800
bright,0.88,666400,171600,35100
bright,0.89,334100,172200,32400
bright,0.9,333500,164700,38000
bright,0.91,665700,164900,33500
bright,0.92,334800,174800,32200
bright,0.93,333500,165000,36700
bright,0.94,334200,163800,32100
bright,0.95,666300,166000,31100
bright,0.96,333500,180400,39100
bright,0.97,333900,154300,35900
bright,0.98,666500,177400,30700
bright,0.99,333600,164200,35400
bright,1.0,333800,172900,37300
bright,1.01,666500,162900,27200
bright,1.02,333700,168600,35700
bright,1.03,333600,174100,39500
bright,1.04,666600,159900,29000
bright,1.05,333800,168300,37400
bright,1.06,333600,161700,30900
bright,1.07,666100,172500,36400
bright,1.08,334300,169600,30700
bright,1.09,333500,169400,38500
bright,1.1,665700,170500,32200
bright,1.11,334800,164500,34500
bright,1.12,333500,168900,35400
bright,1.13,334200,169100,32100
bright,1.14,666200,162400,36200
bright,1.15,333600,177000,31400
bright,1.16,334000,167000,36800
bright,1.17,666300,171600,36600
bright,1.18,333700,162800,28300
bright,1.19,333800,173300,36800
bright,1.2,666400,166000,36500
bright,1.21,333800,169900,29000
bright,1.22,333600,169700,36000
bright,1.23,666500,171300,37700
bright,1.24,333900,161900,29200
bright,1.25,333600,170200,36500
bright,1.26,665900,167200,32800
bright,1.27,334500,163900,34600
bright,1.28,333500,173000,33600
bright,1.29,665700,172300,37200
bright,1.3,334700,165700,32800
bright,1.31,333600,162900,29800
bright,1.32,334200,172200,40300
bright,1.33,666100,165300,30800
bright,1.34,333700,165600,31200
bright,1.35,334100,175200,42600
bright,1.36,666200,162900,28700
bright,1.37,333700,165000,32100
bright,1.38,333900,175600,38900
bright,1.39,666300,158700,30900
bright,1.4,333800,178200,34700
bright,1.41,333800,164900,37000
bright,1.42,666300,165800,32200
bright,1.43,333900,168200,35800
bright,1.44,333600,171200,33800
bright,1.45,665900,167400,32200
bright,1.46,334400,164500,34700
bright,1.47,333700,164300,33300
bright,1.48,665600,174900,36100
bright,1.49,334600,163800,33100
bright,1.5,333700,169900,34100
bright,1.51,334200,171900,36600
bright,1.52,666100,162400,31300
bright,1.53,333700,171500,35500
bright,1.54,334100,170300,36200
bright,1.55,666100,167800,33900
bright,1.56,333800,168100,32500
bright,1.57,333900,167100,35600
bright,1.58,666300,170600,33400
bright,1.59,333800,170500,33400
bright,1.6,333800,162300,37900
bright,1.61,666200,178400,31300
bright,1.62,333900,156600,36400
bright,1.63,333900,174600,33100
bright,1.64,665500,171300,35500
bright,1.65,334500,161400,32300
bright,1.66,333800,172500,35100
bright,1.67,665600,168600,36800
bright,1.68,334600,169200,29500
bright,1.69,333800,167500,37600
bright,1.7,334200,177600,37800
bright,1.71,666000,152200,28600
bright,1.72,333700,182900,36800
bright,1.73,334100,161800,36700
bright,1.74,666100,165100,30000
bright,1.75,333700,171900,33400
bright,1.76,334000,163100,40100
bright,1.77,666300,171300,27700
bright,1.78,333700,168400,34600
bright,1.79,334000,168800,38400
bright,1.8,666000,168800,31100
bright,1.81,334000,157000,33700
bright,1.82,333900,178800,35600
bright,1.83,665500,165400,33600
bright,1.84,334500,167600,35000
bright,1.85,333800,167500,33500
bright,1.86,665600,175400,36100
bright,1.87,334600,161600,31900
bright,1.88,333800,169500,33300
bright,1.89,334200,171800,38100
bright,1.9,665900,164900,31200
bright,1.91,333800,163600,32500
bright,1.92,334200,174500,36400
bright,1.93,666000,163300,36100
bright,1.94,333800,171200,30600
bright,1.95,334100,159800,37500
bright,1.96,666000,174600,34100
bright,1.97,333800,165200,31200
bright,1.98,334000,166300,38600
bright,1.99,665800,165000,32000
bright,2.0,334100,172400,34600
left,0.01,114800,0,0
left,0.02,114800,626600,18200
left,0.03,229600,9800,69200
left,0.04,114800,172600,0
left,0.05,114800,308400,33300
left,0.06,229600,286300,113200
left,0.07,114800,79200,6700
left,0.08,114800,341800,37700
left,0.09,229600,111500,41300
left,0.1,114800,292800,38200
left,0.11,114800,143300,24300
left,0.12,229600,265500,47700
left,0.13,114800,166100,29800
left,0.14,114800,238500,35100
left,0.15,229300,210300,37700
left,0.16,115100,194900,42400
left,0.17,114800,207200,26400
left,0.18,114900,216500,43600
left,0.19,229500,204400,35400
left,0.2,114800,195700,35900
left,0.21,114800,239800,36900
left,0.22,229600,173600,39700
left,0.23,114800,234400,40400
left,0.24,114800,176900,25400
left,0.25,229600,237400,45500
left,0.26,114800,177700,36700
left,0.27,114800,220100,28900
left,0.28,229600,213800,42000
left,0.29,114800,210000,42000
left,0.3,114800,180200,27700
left,0.31,229500,239900,43200
left,0.32,114900,184700,39100
left,0.33,114800,217600,31500
left,0.34,229100,200200,36200
left,0.35,115300,222600,47100
left,0.36,114800,180300,26800
left,0.37,114900,224500,37500
left,0.38,229500,205100,45400
left,0.39,114800,192200,30800
left,0.4,114900,207900,33200
left,0.41,229500,218300,45100
left,0.42,114800,191600,32600
left,0.43,114800,219900,37900
left,0.44,229600,199400,37700
left,0.45,114800,195000,35000
left,0.46,114800,216700,37300
left,0.47,229500,199300,36500
left,0.48,114900,211800,35400
left,0.49,114800,209800,40300
left,0.5,229500,198000,33600
left,0.51,114900,208200,39900
left,0.52,114800,208900,37300
left,0.53,229000,200100,34300
left,0.54,115400,218400,39900
left,0.55,114800,205800,36900
left,0.56,114900,196000,34000
left,0.57,229500,214700,36700
left,0.58,114800,210600,41200
left,0.59,114900,193400,36300
left,0.6,229500,220900,33400
left,0.61,114800,201900,40300
left,0.62,114800,195100,37400
left,0.63,229500,214500,32100
left,0.64,114900,207400,44200
left,0.65,114800,198500,35200
left,0.66,229500,203500,33100
left,0.67,114900,224000,39100
left,0.68,114800,196800,38900
left,0.69,229200,206900,34000
left,0.7,115200,203900,35100
left,0.71,114800,210900,42900
left,0.72,229000,202300,34100
left,0.73,115400,212800,31200
left,0.74,114800,199500,44200
left,0.75,114900,201500,35600
left,0.76,229500,214400,34100
left,0.77,114800,210000,45800
left,0.78,114900,194800,30600
left,0.79,229400,204600,32900
left,0.8,114900,228100,47000
left,0.81,114800,178900,34200
left,0.82,229500,217000,30100
left,0.83,114900,212700,45800
left,0.84,114800,197200,36400
left,0.85,229400,201600,29400
left,0.86,115000,222500,44700
left,0.87,114800,206200,38900
left,0.88,229100,185700,30400
left,0.89,115300,233300,40700
left,0.9,114800,186300,39300
left,0.91,229000,208900,33600
left,0.92,115400,205400,36000
left,0.93,114800,211700,42400
left,0.94,114900,200900,32700
left,0.95,229500,209300,33300
left,0.96,114800,217400,44100
left,0.97,114900,186000,33800
left,0.98,229400,214300,36700
left,0.99,114900,201500,37100
left,1.0,114800,211300,40100
left,1.01,229400,205400,33700
left,1.02,115000,203600,36800
left,1.03,114800,215900,41100
left,1.04,229300,195100,35700
left,1.05,115100,215100,35100
left,1.06,114800,208700,38700
left,1.07,229100,196500,37400
left,1.08,115300,207400,32000
left,1.09,114800,214700,43000
left,1.1,229000,187100,34100
left,1.11,115400,215100,36300
left,1.12,114800,206000,41400
left,1.13,114900,204600,32200
left,1.14,229400,211900,40100
left,1.15,114900,198100,38000
left,1.16,114900,206800,29700
left,1.17,229400,212000,44100
left,1.18,114900,192900,34800
left,1.19,114900,221000,36200
left,1.2,229300,203700,41300
left,1.21,115000,197900,31300
left,1.22,114800,222000,40700
left,1.23,229200,185800,40400
left,1.24,115200,219500,32700
left,1.25,114800,193500,37600
left,1.26,229100,216400,36600
left,1.27,115300,194900,38700
left,1.28,114800,215500,34800
left,1.29,229000,200500,38400
left,1.3,115300,195500,37700
left,1.31,114900,219700,36800
left,1.32,114900,197100,39000
left,1.33,229300,208100,32900
left,1.34,115000,210500,37400
left,1.35,114900,194600,40600
left,1.36,229300,209400,30900
left,1.37,115000,209600,45300
left,1.38,114900,201500,31900
left,1.39,229200,205300,33400
left,1.4,115100,214700,44300
left,1.41,114800,184800,32600
left,1.42,229200,229600,39400
left,1.43,115200,185400,37700
left,1.44,114800,218900,33300
left,1.45,229000,207400,40100
left,1.46,115300,202400,35200
left,1.47,114900,202700,35100
left,1.48,229000,218700,41900
left,1.49,115300,194200,34500
left,1.5,114900,208600,37300
left,1.51,114900,205300,37900
left,1.52,229300,197700,34400
left,1.53,115000,211000,39100
left,1.54,114900,213700,39200
left,1.55,229300,191700,34200
left,1.56,115000,205700,35000
left,1.57,114900,215600,39200
left,1.58,229200,202800,37400
left,1.59,115100,207000,35200
left,1.6,114900,208300,35700
left,1.61,229100,208500,42200
left,1.62,115100,201700,33900
left,1.63,114900,211500,35400
left,1.64,229000,200100,42200
left,1.65,115300,207600,31400
left,1.66,114900,206600,38600
left,1.67,229000,207200,41700
left,1.68,115300,189200,30200
left,1.69,114900,217600,39600
left,1.7,114900,200200,38400
left,1.71,229300,199600,34700
left,1.72,115000,218000,36400
left,1.73,114900,202100,37300
left,1.74,229300,208300,39500
left,1.75,115000,202500,31800
left,1.76,114900,204400,39300
left,1.77,229100,211700,38100
left,1.78,115100,196300,32200
left,1.79,115000,224900,38900
left,1.8,229100,195200,42300
left,1.81,115100,212400,34600
left,1.82,114900,200600,36400
left,1.83,229000,206100,41100
left,1.84,115300,213800,34200
left,1.85,114900,199400,35800
left,1.86,229000,212800,40800
left,1.87,115200,195600,35800
left,1.88,115000,199800,32100
left,1.89,114900,220600,40700
left,1.9,229300,200900,38200
left,1.91,115000,199900,32100
left,1.92,114900,210900,37800
left,1.93,229200,206000,42200
left,1.94,115000,193800,29600
left,1.95,115000,227200,40400
left,1.96,229100,198900,39700
left,1.97,115100,198000,34200
left,1.98,115000,219900,35100
left,1.99,229100,203900,41500
left,2.0,115000,203200,38500
right,0.01,218700,0,0
right,0.02,218700,573800,17400
right,0.03,437400,17400,60300
right,0.04,218700,155500,500
right,0.05,218700,306800,35000
right,0.06,437400,248700,92000
right,0.07,218700,87100,8800
right,0.08,218700,312300,37300
right,0.09,437400,105700,35100
right,0.1,218700,272200,35700
right,0.11,218700,153900,26200
right,0.12,437400,230500,48400
right,0.13,218700,164800,26300
right,0.14,218700,213400,35900
right,0.15,437000,199300,39000
right,0.16,219100,173300,35300
right,0.17,218700,208400,31600
right,0.18,218700,185600,41100
right,0.19,437400,201500,35800
right,0.2,218700,171700,32100
right,0.21,218700,221500,35400
right,0.22,437400,172600,38600
right,0.23,218700,204000,38100
right,0.24,218700,174900,30300
right,0.25,437400,210500,41100
right,0.26,218700,180400,36600
right,0.27,218700,197100,30700
right,0.28,437400,188300,36600
right,0.29,218700,198000,41700
right,0.3,218700,176900,28400
right,0.31,437400,209800,37500
right,0.32,218700,178300,41400
right,0.33,218700,193200,31800
right,0.34,436800,197700,34700
right,0.35,219300,186200,44300
right,0.36,218700,186500,26700
right,0.37,219000,196100,35400
right,0.38,437100,191100,44600
right,0.39,218700,192800,29600
right,0.4,218700,188200,35400
right,0.41,437400,198900,41400
right,0.42,218700,181400,32900
right,0.43,218700,196800,31300
right,0.44,437400,197700,44300
right,0.45,218700,186300,32100
right,0.46,218700,194300,33800
right,0.47,437400,192800,41700
right,0.48,218700,187800,30400
right,0.49,218700,189800,35800
right,0.5,437300,194600,35500
right,0.51,218800,190500,37800
right,0.52,218700,197200,36500
right,0.53,436800,183300,35200
right,0.54,219300,198700,34600
right,0.55,218700,187400,39700
right,0.56,219300,186200,32900
right,0.57,436800,198900,34800
right,0.58,218700,189200,39300
right,0.59,218700,179400,34800
right,0.6,437400,206500,33600
right,0.61,218700,193400,40700
right,0.62,218700,177500,31000
right,0.63,437400,208500,35200
right,0.64,218700,189700,41700
right,0.65,218700,178000,32600
right,0.66,437400,207100,35600
right,0.67,218700,189600,36900
right,0.68,218700,182600,37300
right,0.69,437000,192400,32200
right,0.7,219100,201300,39300
right,0.71,218700,188200,36000
right,0.72,436800,182800,32000
right,0.73,219300,214600,40200
right,0.74,218700,178900,34500
right,0.75,219300,191200,34000
right,0.76,436800,199300,39300
right,0.77,218700,188600,37200
right,0.78,219000,183200,31000
right,0.79,437100,203700,38900
right,0.8,218700,185100,36900
right,0.81,218700,186800,32500
right,0.82,437400,206500,39200
right,0.83,218700,181800,35600
right,0.84,218700,192500,34400
right,0.85,437400,191900,34200
right,0.86,218700,188200,36900
right,0.87,218700,203200,38600
right,0.88,437000,170300,29200
right,0.89,219100,210900,38700
right,0.9,218700,184500,40100
right,0.91,436800,182400,31800
right,0.92,219300,201700,35600
right,0.93,218700,191200,36900
right,0.94,219400,188300,35400
right,0.95,436700,191000,32700
right,0.96,218700,194700,42300
right,0.97,219000,194300,35600
right,0.98,437100,187700,28000
right,0.99,218700,203500,45700
right,1.0,218800,178300,33000
right,1.01,437300,197100,30900
right,1.02,218700,191300,42700
right,1.03,218800,193300,33000
right,1.04,437300,186900,32900
right,1.05,218700,202200,40800
right,1.06,218700,182600,33200
right,1.07,436900,192200,32000
right,1.08,219200,195400,41500
right,1.09,218700,197200,36100
right,1.1,436700,178300,32100
right,1.11,219400,200800,38300
right,1.12,218700,189900,38400
right,1.13,219400,183900,33100
right,1.14,436700,201000,34200
right,1.15,218700,190600,40000
right,1.16,219100,188900,33500
right,1.17,437000,191100,36600
right,1.18,218700,193300,36100
right,1.19,218900,197100,34100
right,1.2,437200,187400,34700
right,1.21,218700,197200,38600
right,1.22,218800,196400,37200
right,1.23,437200,178600,34200
right,1.24,218800,206800,34300
right,1.25,218800,183800,37800
right,1.26,436800,178900,34600
right,1.27,219200,196500,34400
right,1.28,218700,197200,40600
right,1.29,436700,176100,30700
right,1.3,219400,200200,36500
right,1.31,218700,190400,35600
right,1.32,219400,190700,36700
right,1.33,436700,189800,34100
right,1.34,218700,198700,37600
right,1.35,219200,185800,39600
right,1.36,436900,186000,30900
right,1.37,218700,196800,37700
right,1.38,219000,193400,37700
right,1.39,437100,185500,33600
right,1.4,218700,200600,36400
right,1.41,218900,188300,34800
right,1.42,437000,185000,35000
right,1.43,218900,199400,34900
right,1.44,218800,186800,40200
right,1.45,436800,192700,32600
right,1.46,219200,190800,33300
right,1.47,218800,190600,41000
right,1.48,436600,185000,34100
right,1.49,219400,195000,33000
right,1.5,218700,196300,38500
right,1.51,219500,174500,35900
right,1.52,436600,202700,32200
right,1.53,218700,188200,38600
right,1.54,219300,194300,37800
right,1.55,436800,196000,32600
right,1.56,218700,193600,39400
right,1.57,219000,188700,35900
right,1.58,437100,191900,31500
right,1.59,218700,183700,37700
right,1.6,218900,203000,38800
right,1.61,436800,186200,32100
right,1.62,219100,197500,37400
right,1.63,218900,188900,36600
right,1.64,436700,194800,34200
right,1.65,219200,194900,36700
right,1.66,218800,185500,33800
right,1.67,436600,197300,38000
right,1.68,219400,178200,33200
right,1.69,218800,202900,39000
right,1.7,219400,184800,38300
right,1.71,436600,188200,30000
right,1.72,218700,206000,41200
right,1.73,219300,177700,34600
right,1.74,436800,195400,32000
right,1.75,218700,199900,42700
right,1.76,219100,181900,34800
right,1.77,437000,196600,30400
right,1.78,218700,196600,42600
right,1.79,219000,182700,31100
right,1.8,436600,199300,35000
right,1.81,219200,196000,40300
right,1.82,218900,183900,32100
right,1.83,436700,196200,37400
right,1.84,219200,187400,36400
right,1.85,218900,183400,31900
right,1.86,436500,206500,39700
right,1.87,219400,180900,37900
right,1.88,218800,188900,30800
right,1.89,219400,203600,39600
right,1.9,436600,197100,37200
right,1.91,218800,172000,29300
right,1.92,219200,213800,39700
right,1.93,436800,181300,39200
right,1.94,218700,184600,31700
right,1.95,219200,204700,35000
right,1.96,436800,192700,41800
right,1.97,218800,172600,28400
right,1.98,219000,214500,37500
right,1.99,436600,182500,40700
right,2.0,219200,178600,29800
bright_repeat,0.01,333500,0,0
bright_repeat,0.02,333500,489000,16400
bright_repeat,0.03,667000,27700,55800
bright_repeat,0.04,333500,128000,400
bright_repeat,0.05,333500,268800,36500
bright_repeat,0.06,667000,210200,85100
bright_repeat,0.07,333500,104500,12000
bright_repeat,0.08,333500,248200,36100
bright_repeat,0.09,667000,101800,32600
bright_repeat,0.1,333500,243000,37900
bright_repeat,0.11,333500,118800,21900
bright_repeat,0.12,667000,216900,46400
bright_repeat,0.13,333500,134700,28200
bright_repeat,0.14,333500,181800,31400
bright_repeat,0.15,666300,176100,37000
bright_repeat,0.16,334200,159400,35100
bright_repeat,0.17,333500,168400,28700
bright_repeat,0.18,333600,175500,37600
bright_repeat,0.19,666900,168500,35000
bright_repeat,0.2,333500,161000,34600
bright_repeat,0.21,333500,178500,30600
bright_repeat,0.22,667000,160800,39900
bright_repeat,0.23,333500,176100,29000
bright_repeat,0.24,333500,157000,32000
bright_repeat,0.25,667000,184400,39200
bright_repeat,0.26,333500,145900,31900
bright_repeat,0.27,333500,183200,31900
bright_repeat,0.28,667000,155700,36000
bright_repeat,0.29,333500,185000,37600
bright_repeat,0.3,333500,152500,26800
bright_repeat,0.31,666900,183900,37000
bright_repeat,0.32,333600,162700,36800
bright_repeat,0.33,333500,161400,31100
bright_repeat,0.34,666000,178400,34400
bright_repeat,0.35,334500,170200,34500
bright_repeat,0.36,333500,152700,32500
bright_repeat,0.37,333800,184200,35100
bright_repeat,0.38,666700,159500,35100
bright_repeat,0.39,333500,171100,34500
bright_repeat,0.4,333500,172100,32100
bright_repeat,0.41,667000,174200,37500
bright_repeat,0.42,333500,162500,30800
bright_repeat,0.43,333500,157200,35400
bright_repeat,0.44,667000,195500,37400
bright_repeat,0.45,333500,142300,29800
bright_repeat,0.46,333500,186400,35500
bright_repeat,0.47,666900,162500,34300
bright_repeat,0.48,333600,171400,36700
bright_repeat,0.49,333500,169300,30900
bright_repeat,0.5,666900,168500,38300
bright_repeat,0.51,333600,166500,33300
bright_repeat,0.52,333500,171400,30700
bright_repeat,0.53,665800,168100,39400
bright_repeat,0.54,334700,162600,31900
bright_repeat,0.55,333500,176900,32400
bright_repeat,0.56,334100,169400,37600
bright_repeat,0.57,666400,158600,31700
bright_repeat,0.58,333500,179400,34700
bright_repeat,0.59,333500,162700,37200
bright_repeat,0.6,667000,164100,29800
bright_repeat,0.61,333500,178900,33800
bright_repeat,0.62,333500,161500,40500
bright_repeat,0.63,667000,167500,26700
bright_repeat,0.64,333500,177900,38500
bright_repeat,0.65,333500,155700,34300
bright_repeat,0.66,666800,174000,30700
bright_repeat,0.67,333700,169300,37200
bright_repeat,0.68,333500,165200,33400
bright_repeat,0.69,666600,165000,33900
bright_repeat,0.7,333900,172900,34700
bright_repeat,0.71,333500,170200,34500
bright_repeat,0.72,665800,159500,34200
bright_repeat,0.73,334700,180100,32700
bright_repeat,0.74,333500,161400,36500
bright_repeat,0.75,334200,167200,31300
bright_repeat,0.76,666300,169300,33900
bright_repeat,0.77,333500,175400,37700
bright_repeat,0.78,333900,154800,31600
bright_repeat,0.79,666500,181400,35300
bright_repeat,0.8,333600,163600,36500
bright_repeat,0.81,333600,165200,31300
bright_repeat,0.82,666800,170900,33600
bright_repeat,0.83,333600,165400,37400
bright_repeat,0.84,333500,162100,31400
bright_repeat,0.85,666800,182200,35100
bright_repeat,0.86,333700,159400,35100
bright_repeat,0.87,333500,167000,32800
bright_repeat,0.88,666400,171600,35100
bright_repeat,0.89,334100,172200,32400
bright_repeat,0.9,333500,164700,38000
bright_repeat,0.91,665700,164900,33500
bright_repeat,0.92,334800,174800,32200
bright_repeat,0.93,333500,165000,36700
bright_repeat,0.94,334200,163800,32100
bright_repeat,0.95,666300,166000,31100
bright_repeat,0.96,333500,180400,39100
bright_repeat,0.97,333900,154300,35900
bright_repeat,0.98,666500,177400,30700
bright_repeat,0.99,333600,164200,35400
bright_repeat,1.0,333800,172900,37300
bright_repeat,1.01,666500,162900,27200
bright_repeat,1.02,333700,168600,35700
bright_repeat,1.03,333600,174100,39500
bright_repeat,1.04,666600,159900,29000
bright_repeat,1.05,333800,168300,37400
bright_repeat,1.06,333600,161700,30900
bright_repeat,1.07,666100,172500,36400
bright_repeat,1.08,334300,169600,30700
bright_repeat,1.09,333500,169400,38500
bright_repeat,1.1,665700,170500,32200
bright_repeat,1.11,334800,164500,34500
bright_repeat,1.12,333500,168900,35400
bright_repeat,1.13,334200,169100,32100
bright_repeat,1.14,666200,162400,36200
bright_repeat,1.15,333600,177000,31400
bright_repeat,1.16,334000,167000,36800
bright_repeat,1.17,666300,171600,36600
bright_repeat,1.18,333700,162800,28300
bright_repeat,1.19,333800,173300,36800
bright_repeat,1.2,666400,166000,36500
bright_repeat,1.21,333800,169900,29000
bright_repeat,1.22,333600,169700,36000
bright_repeat,1.23,666500,171300,37700
bright_repeat,1.24,333900,161900,29200
bright_repeat,1.25,333600,170200,36500
bright_repeat,1.26,665900,167200,32800
bright_repeat,1.27,334500,163900,34600
bright_repeat,1.28,333500,173000,33600
bright_repeat,1.29,665700,172300,37200
bright_repeat,1.3,334700,165700,32800
bright_repeat,1.31,333600,162900,29800
bright_repeat,1.32,334200,172200,40300
bright_repeat,1.33,666100,165300,30800
bright_repeat,1.34,333700,165600,31200
bright_repeat,1.35,334100,175200,42600
bright_repeat,1.36,666200,162900,28700
bright_repeat,1.37,333700,165000,32100
bright_repeat,1.38,333900,175600,38900
bright_repeat,1.39,666300,158700,30900
bright_repeat,1.4,333800,178200,34700
bright_repeat,1.41,333800,164900,37000
bright_repeat,1.42,666300,165800,32200
bright_repeat,1.43,333900,168200,35800
bright_repeat,1.44,333600,171200,33800
bright_repeat,1.45,665900,167400,32200
bright_repeat,1.46,334400,164500,34700
bright_repeat,1.47,333700,164300,33300
bright_repeat,1.48,665600,174900,36100
bright_repeat,1.49,334600,163800,33100
bright_repeat,1.5,333700,169900,34100
bright_repeat,1.51,334200,171900,36600
bright_repeat,1.52,666100,162400,31300
bright_repeat,1.53,333700,171500,35500
bright_repeat,1.54,334100,170300,36200
bright_repeat,1.55,666100,167800,33900
bright_repeat,1.56,333800,168100,32500
bright_repeat,1.57,333900,167100,35600
bright_repeat,1.58,666300,170600,33400
bright_repeat,1.59,333800,170500,33400
bright_repeat,1.6,333800,162300,37900
bright_repeat,1.61,666200,178400,31300
bright_repeat,1.62,333900,156600,36400
bright_repeat,1.63,333900,174600,33100
bright_repeat,1.64,665500,171300,35500
bright_repeat,1.65,334500,161400,32300
bright_repeat,1.66,333800,172500,35100
bright_repeat,1.67,665600,168600,36800
bright_repeat,1.68,334600,169200,29500
bright_repeat,1.69,333800,167500,37600
bright_repeat,1.7,334200,177600,37800
bright_repeat,1.71,666000,152200,28600
bright_repeat,1.72,333700,182900,36800
bright_repeat,1.73,334100,161800,36700
bright_repeat,1.74,666100,165100,30000
bright_repeat,1.75,333700,171900,33400
bright_repeat,1.76,334000,163100,40100
bright_repeat,1.77,666300,171300,27700
bright_repeat,1.78,333700,168400,34600
bright_repeat,1.79,334000,168800,38400
bright_repeat,1.8,666000,168800,31100
bright_repeat,1.81,334000,157000,33700
bright_repeat,1.82,333900,178800,35600
bright_repeat,1.83,665500,165400,33600
bright_repeat,1.84,334500,167600,35000
bright_repeat,1.85,333800,167500,33500
bright_repeat,1.86,665600,175400,36100
bright_repeat,1.87,334600,161600,31900
bright_repeat,1.88,333800,169500,33300
bright_repeat,1.89,334200,171800,38100
bright_repeat,1.9,665900,164900,31200
bright_repeat,1.91,333800,163600,32500
bright_repeat,1.92,334200,174500,36400
bright_repeat,1.93,666000,163300,36100
bright_repeat,1.94,333800,171200,30600
bright_repeat,1.95,334100,159800,37500
bright_repeat,1.96,666000,174600,34100
bright_repeat,1.97,333800,165200,31200
bright_repeat,1.98,334000,166300,38600
bright_repeat,1.99,665800,165000,32000
bright_repeat,2.0,334100,172400,34600
